year,state,district,social_group,gender,size_category,ind_holdings_number,ind_holdings_area_ha,jnt_holdings_number,jnt_holdings_area_ha,tot_holdings_number,tot_holdings_area_ha
2015-16,HARYANA,AMBALA,SCHEDULED CASTE,TOTAL,MARGINAL,20,12,22,15,42,27
2015-16,HARYANA,AMBALA,SCHEDULED CASTE,TOTAL,SMALL,11,17,15,22,26,39
2015-16,HARYANA,AMBALA,SCHEDULED CASTE,TOTAL,SEMIMEDIUM,3,8,7,20,10,28
2015-16,HARYANA,AMBALA,SCHEDULED CASTE,TOTAL,MEDIUM,0,0,4,18,4,18
2015-16,HARYANA,AMBALA,SCHEDULED CASTE,TOTAL,LARGE,0,0,0,0,0,0
2015-16,HARYANA,AMBALA,SCHEDULED CASTE,TOTAL,ALL CLASSES,34,37,48,75,82,112
2015-16,HARYANA,AMBALA,SCHEDULED TRIBES,TOTAL,MARGINAL,0,0,0,0,0,0
2015-16,HARYANA,AMBALA,SCHEDULED TRIBES,TOTAL,SMALL,0,0,0,0,0,0
2015-16,HARYANA,AMBALA,SCHEDULED TRIBES,TOTAL,SEMIMEDIUM,0,0,0,0,0,0
2015-16,HARYANA,AMBALA,SCHEDULED TRIBES,TOTAL,MEDIUM,0,0,0,0,0,0
2015-16,HARYANA,AMBALA,SCHEDULED TRIBES,TOTAL,LARGE,0,0,0,0,0,0
2015-16,HARYANA,AMBALA,SCHEDULED TRIBES,TOTAL,ALL CLASSES,0,0,0,0,0,0
2015-16,HARYANA,AMBALA,OTHERS,TOTAL,MARGINAL,12198,6254,14155,8151,26353,14407
2015-16,HARYANA,AMBALA,OTHERS,TOTAL,SMALL,2930,4301,7274,11041,10204,15342
2015-16,HARYANA,AMBALA,OTHERS,TOTAL,SEMIMEDIUM,2147,5662,6036,17413,8183,23075
2015-16,HARYANA,AMBALA,OTHERS,TOTAL,MEDIUM,718,3833,4329,26077,5047,29910
2015-16,HARYANA,AMBALA,OTHERS,TOTAL,LARGE,23,298,889,13760,912,14058
2015-16,HARYANA,AMBALA,OTHERS,TOTAL,ALL CLASSES,18016,20349,32683,76443,50699,96792
2015-16,HARYANA,AMBALA,INSTITUTIONAL,TOTAL,MARGINAL,0,0,0,0,304,187
2015-16,HARYANA,AMBALA,INSTITUTIONAL,TOTAL,SMALL,0,0,0,0,175,263
2015-16,HARYANA,AMBALA,INSTITUTIONAL,TOTAL,SEMIMEDIUM,0,0,0,0,173,488
2015-16,HARYANA,AMBALA,INSTITUTIONAL,TOTAL,MEDIUM,0,0,0,0,220,1389
2015-16,HARYANA,AMBALA,INSTITUTIONAL,TOTAL,LARGE,0,0,0,0,153,3107
2015-16,HARYANA,AMBALA,INSTITUTIONAL,TOTAL,ALL CLASSES,0,0,0,0,1025,5434
2015-16,HARYANA,BHIWANI,SCHEDULED CASTE,TOTAL,MARGINAL,1034,557,1360,764,2394,1321
2015-16,HARYANA,BHIWANI,SCHEDULED CASTE,TOTAL,SMALL,455,811,855,1500,1310,2312
2015-16,HARYANA,BHIWANI,SCHEDULED CASTE,TOTAL,SEMIMEDIUM,372,1134,1025,3134,1397,4268
2015-16,HARYANA,BHIWANI,SCHEDULED CASTE,TOTAL,MEDIUM,114,599,636,3920,750,4519
2015-16,HARYANA,BHIWANI,SCHEDULED CASTE,TOTAL,LARGE,0,0,59,717,59,717
2015-16,HARYANA,BHIWANI,SCHEDULED CASTE,TOTAL,ALL CLASSES,1975,3102,3935,10035,5910,13137
2015-16,HARYANA,BHIWANI,SCHEDULED TRIBES,TOTAL,MARGINAL,0,0,0,0,0,0
2015-16,HARYANA,BHIWANI,SCHEDULED TRIBES,TOTAL,SMALL,0,0,0,0,0,0
2015-16,HARYANA,BHIWANI,SCHEDULED TRIBES,TOTAL,SEMIMEDIUM,0,0,0,0,0,0
2015-16,HARYANA,BHIWANI,SCHEDULED TRIBES,TOTAL,MEDIUM,0,0,0,0,0,0
2015-16,HARYANA,BHIWANI,SCHEDULED TRIBES,TOTAL,LARGE,0,0,0,0,0,0
2015-16,HARYANA,BHIWANI,SCHEDULED TRIBES,TOTAL,ALL CLASSES,0,0,0,0,0,0
2015-16,HARYANA,BHIWANI,OTHERS,TOTAL,MARGINAL,17327,8913,33468,17844,50795,26757
2015-16,HARYANA,BHIWANI,OTHERS,TOTAL,SMALL,6160,9058,18009,26741,24169,35799
2015-16,HARYANA,BHIWANI,OTHERS,TOTAL,SEMIMEDIUM,5936,16836,19718,57362,25654,74198
2015-16,HARYANA,BHIWANI,OTHERS,TOTAL,MEDIUM,3090,16595,18064,112014,21154,128611
2015-16,HARYANA,BHIWANI,OTHERS,TOTAL,LARGE,253,4013,5958,105098,6211,109111
2015-16,HARYANA,BHIWANI,OTHERS,TOTAL,ALL CLASSES,32766,55415,95217,319061,127983,374475
2015-16,HARYANA,BHIWANI,INSTITUTIONAL,TOTAL,MARGINAL,0,0,0,0,475,235
2015-16,HARYANA,BHIWANI,INSTITUTIONAL,TOTAL,SMALL,0,0,0,0,144,218
2015-16,HARYANA,BHIWANI,INSTITUTIONAL,TOTAL,SEMIMEDIUM,0,0,0,0,103,280
2015-16,HARYANA,BHIWANI,INSTITUTIONAL,TOTAL,MEDIUM,0,0,0,0,192,1177
2015-16,HARYANA,BHIWANI,INSTITUTIONAL,TOTAL,LARGE,0,0,0,0,243,7750
2015-16,HARYANA,BHIWANI,INSTITUTIONAL,TOTAL,ALL CLASSES,0,0,0,0,1157,9660
2015-16,HARYANA,FARIDABAD,SCHEDULED CASTE,TOTAL,MARGINAL,13,5,9,5,22,10
2015-16,HARYANA,FARIDABAD,SCHEDULED CASTE,TOTAL,SMALL,0,0,3,4,3,4
2015-16,HARYANA,FARIDABAD,SCHEDULED CASTE,TOTAL,SEMIMEDIUM,1,4,5,15,6,18
2015-16,HARYANA,FARIDABAD,SCHEDULED CASTE,TOTAL,MEDIUM,0,0,2,10,2,10
2015-16,HARYANA,FARIDABAD,SCHEDULED CASTE,TOTAL,LARGE,0,0,0,0,0,0
2015-16,HARYANA,FARIDABAD,SCHEDULED CASTE,TOTAL,ALL CLASSES,14,9,19,34,33,43
2015-16,HARYANA,FARIDABAD,SCHEDULED TRIBES,TOTAL,MARGINAL,0,0,0,0,0,0
2015-16,HARYANA,FARIDABAD,SCHEDULED TRIBES,TOTAL,SMALL,0,0,0,0,0,0
2015-16,HARYANA,FARIDABAD,SCHEDULED TRIBES,TOTAL,SEMIMEDIUM,0,0,0,0,0,0
2015-16,HARYANA,FARIDABAD,SCHEDULED TRIBES,TOTAL,MEDIUM,0,0,0,0,0,0
2015-16,HARYANA,FARIDABAD,SCHEDULED TRIBES,TOTAL,LARGE,0,0,0,0,0,0
2015-16,HARYANA,FARIDABAD,SCHEDULED TRIBES,TOTAL,ALL CLASSES,0,0,0,0,0,0
2015-16,HARYANA,FARIDABAD,OTHERS,TOTAL,MARGINAL,8438,4466,8538,4305,16976,8771
2015-16,HARYANA,FARIDABAD,OTHERS,TOTAL,SMALL,1447,2035,3280,4933,4727,6968
2015-16,HARYANA,FARIDABAD,OTHERS,TOTAL,SEMIMEDIUM,899,2299,2546,7636,3445,9934
2015-16,HARYANA,FARIDABAD,OTHERS,TOTAL,MEDIUM,222,1222,1505,8903,1727,10125
2015-16,HARYANA,FARIDABAD,OTHERS,TOTAL,LARGE,9,115,276,4476,285,4589
2015-16,HARYANA,FARIDABAD,OTHERS,TOTAL,ALL CLASSES,11015,10136,16145,30252,27160,40388
2015-16,HARYANA,FARIDABAD,INSTITUTIONAL,TOTAL,MARGINAL,0,0,0,0,208,98
2015-16,HARYANA,FARIDABAD,INSTITUTIONAL,TOTAL,SMALL,0,0,0,0,86,125
2015-16,HARYANA,FARIDABAD,INSTITUTIONAL,TOTAL,SEMIMEDIUM,0,0,0,0,91,257
2015-16,HARYANA,FARIDABAD,INSTITUTIONAL,TOTAL,MEDIUM,0,0,0,0,63,406
2015-16,HARYANA,FARIDABAD,INSTITUTIONAL,TOTAL,LARGE,0,0,0,0,66,2103
2015-16,HARYANA,FARIDABAD,INSTITUTIONAL,TOTAL,ALL CLASSES,0,0,0,0,514,2988
2015-16,HARYANA,FATEHABAD,SCHEDULED CASTE,TOTAL,MARGINAL,1327,629,885,460,2212,1089
2015-16,HARYANA,FATEHABAD,SCHEDULED CASTE,TOTAL,SMALL,500,706,514,754,1014,1460
2015-16,HARYANA,FATEHABAD,SCHEDULED CASTE,TOTAL,SEMIMEDIUM,293,811,351,974,644,1785
2015-16,HARYANA,FATEHABAD,SCHEDULED CASTE,TOTAL,MEDIUM,64,336,122,667,186,1004
2015-16,HARYANA,FATEHABAD,SCHEDULED CASTE,TOTAL,LARGE,2,22,6,66,8,87
2015-16,HARYANA,FATEHABAD,SCHEDULED CASTE,TOTAL,ALL CLASSES,2186,2504,1878,2921,4064,5425
2015-16,HARYANA,FATEHABAD,SCHEDULED TRIBES,TOTAL,MARGINAL,0,0,0,0,0,0
2015-16,HARYANA,FATEHABAD,SCHEDULED TRIBES,TOTAL,SMALL,0,0,0,0,0,0
2015-16,HARYANA,FATEHABAD,SCHEDULED TRIBES,TOTAL,SEMIMEDIUM,0,0,0,0,0,0
2015-16,HARYANA,FATEHABAD,SCHEDULED TRIBES,TOTAL,MEDIUM,0,0,0,0,0,0
2015-16,HARYANA,FATEHABAD,SCHEDULED TRIBES,TOTAL,LARGE,0,0,0,0,0,0
2015-16,HARYANA,FATEHABAD,SCHEDULED TRIBES,TOTAL,ALL CLASSES,0,0,0,0,0,0
2015-16,HARYANA,FATEHABAD,OTHERS,TOTAL,MARGINAL,16096,9132,17834,9507,33930,18638
2015-16,HARYANA,FATEHABAD,OTHERS,TOTAL,SMALL,8516,13478,9411,13666,17927,27144
2015-16,HARYANA,FATEHABAD,OTHERS,TOTAL,SEMIMEDIUM,7154,20856,9178,26133,16332,46990
2015-16,HARYANA,FATEHABAD,OTHERS,TOTAL,MEDIUM,3736,21823,7605,46471,11341,68295
2015-16,HARYANA,FATEHABAD,OTHERS,TOTAL,LARGE,242,3618,1677,26962,1919,30580
2015-16,HARYANA,FATEHABAD,OTHERS,TOTAL,ALL CLASSES,35744,68907,45705,122740,81449,191646
2015-16,HARYANA,FATEHABAD,INSTITUTIONAL,TOTAL,MARGINAL,0,0,0,0,108,42
2015-16,HARYANA,FATEHABAD,INSTITUTIONAL,TOTAL,SMALL,0,0,0,0,61,90
2015-16,HARYANA,FATEHABAD,INSTITUTIONAL,TOTAL,SEMIMEDIUM,0,0,0,0,40,113
2015-16,HARYANA,FATEHABAD,INSTITUTIONAL,TOTAL,MEDIUM,0,0,0,0,92,681
2015-16,HARYANA,FATEHABAD,INSTITUTIONAL,TOTAL,LARGE,0,0,0,0,121,2450
2015-16,HARYANA,FATEHABAD,INSTITUTIONAL,TOTAL,ALL CLASSES,0,0,0,0,422,3376
2015-16,HARYANA,GURGAON,SCHEDULED CASTE,TOTAL,MARGINAL,0,0,0,0,0,0
2015-16,HARYANA,GURGAON,SCHEDULED CASTE,TOTAL,SMALL,0,0,0,0,0,0
2015-16,HARYANA,GURGAON,SCHEDULED CASTE,TOTAL,SEMIMEDIUM,0,0,0,0,0,0
2015-16,HARYANA,GURGAON,SCHEDULED CASTE,TOTAL,MEDIUM,0,0,0,0,0,0
2015-16,HARYANA,GURGAON,SCHEDULED CASTE,TOTAL,LARGE,0,0,0,0,0,0
2015-16,HARYANA,GURGAON,SCHEDULED CASTE,TOTAL,ALL CLASSES,0,0,0,0,0,0
2015-16,HARYANA,GURGAON,SCHEDULED TRIBES,TOTAL,MARGINAL,0,0,0,0,0,0
2015-16,HARYANA,GURGAON,SCHEDULED TRIBES,TOTAL,SMALL,0,0,0,0,0,0
2015-16,HARYANA,GURGAON,SCHEDULED TRIBES,TOTAL,SEMIMEDIUM,0,0,0,0,0,0
2015-16,HARYANA,GURGAON,SCHEDULED TRIBES,TOTAL,MEDIUM,0,0,0,0,0,0
2015-16,HARYANA,GURGAON,SCHEDULED TRIBES,TOTAL,LARGE,0,0,0,0,0,0
2015-16,HARYANA,GURGAON,SCHEDULED TRIBES,TOTAL,ALL CLASSES,0,0,0,0,0,0
2015-16,HARYANA,GURGAON,OTHERS,TOTAL,MARGINAL,10610,3968,18062,8584,28672,12552
2015-16,HARYANA,GURGAON,OTHERS,TOTAL,SMALL,2761,3928,6709,9666,9470,13594
2015-16,HARYANA,GURGAON,OTHERS,TOTAL,SEMIMEDIUM,1341,3678,4864,13649,6205,17326
2015-16,HARYANA,GURGAON,OTHERS,TOTAL,MEDIUM,453,2448,2568,15089,3021,17535
2015-16,HARYANA,GURGAON,OTHERS,TOTAL,LARGE,51,1308,411,6959,462,8267
2015-16,HARYANA,GURGAON,OTHERS,TOTAL,ALL CLASSES,15216,15329,32614,53946,47830,69275
2015-16,HARYANA,GURGAON,INSTITUTIONAL,TOTAL,MARGINAL,0,0,0,0,790,354
2015-16,HARYANA,GURGAON,INSTITUTIONAL,TOTAL,SMALL,0,0,0,0,256,364
2015-16,HARYANA,GURGAON,INSTITUTIONAL,TOTAL,SEMIMEDIUM,0,0,0,0,202,553
2015-16,HARYANA,GURGAON,INSTITUTIONAL,TOTAL,MEDIUM,0,0,0,0,171,1049
2015-16,HARYANA,GURGAON,INSTITUTIONAL,TOTAL,LARGE,0,0,0,0,58,1339
2015-16,HARYANA,GURGAON,INSTITUTIONAL,TOTAL,ALL CLASSES,0,0,0,0,1477,3659
2015-16,HARYANA,HISSAR,SCHEDULED CASTE,TOTAL,MARGINAL,599,341,513,329,1112,670
2015-16,HARYANA,HISSAR,SCHEDULED CASTE,TOTAL,SMALL,219,400,425,777,644,1177
2015-16,HARYANA,HISSAR,SCHEDULED CASTE,TOTAL,SEMIMEDIUM,113,329,339,1066,452,1395
2015-16,HARYANA,HISSAR,SCHEDULED CASTE,TOTAL,MEDIUM,16,81,113,685,129,765
2015-16,HARYANA,HISSAR,SCHEDULED CASTE,TOTAL,LARGE,0,0,12,138,12,138
2015-16,HARYANA,HISSAR,SCHEDULED CASTE,TOTAL,ALL CLASSES,947,1149,1402,2994,2349,4143
2015-16,HARYANA,HISSAR,SCHEDULED TRIBES,TOTAL,MARGINAL,0,0,0,0,0,0
2015-16,HARYANA,HISSAR,SCHEDULED TRIBES,TOTAL,SMALL,0,0,0,0,0,0
2015-16,HARYANA,HISSAR,SCHEDULED TRIBES,TOTAL,SEMIMEDIUM,0,0,0,0,0,0
2015-16,HARYANA,HISSAR,SCHEDULED TRIBES,TOTAL,MEDIUM,0,0,0,0,0,0
2015-16,HARYANA,HISSAR,SCHEDULED TRIBES,TOTAL,LARGE,0,0,0,0,0,0
2015-16,HARYANA,HISSAR,SCHEDULED TRIBES,TOTAL,ALL CLASSES,0,0,0,0,0,0
2015-16,HARYANA,HISSAR,OTHERS,TOTAL,MARGINAL,19255,9568,21616,12243,40871,21811
2015-16,HARYANA,HISSAR,OTHERS,TOTAL,SMALL,8450,12254,14270,21036,22720,33290
2015-16,HARYANA,HISSAR,OTHERS,TOTAL,SEMIMEDIUM,6353,17659,15762,45428,22115,63086
2015-16,HARYANA,HISSAR,OTHERS,TOTAL,MEDIUM,2946,17139,13064,80668,16010,97807
2015-16,HARYANA,HISSAR,OTHERS,TOTAL,LARGE,193,2499,3789,65048,3982,67546
2015-16,HARYANA,HISSAR,OTHERS,TOTAL,ALL CLASSES,37197,59118,68501,224422,105698,283540
2015-16,HARYANA,HISSAR,INSTITUTIONAL,TOTAL,MARGINAL,0,0,0,0,156,109
2015-16,HARYANA,HISSAR,INSTITUTIONAL,TOTAL,SMALL,0,0,0,0,83,150
2015-16,HARYANA,HISSAR,INSTITUTIONAL,TOTAL,SEMIMEDIUM,0,0,0,0,75,226
2015-16,HARYANA,HISSAR,INSTITUTIONAL,TOTAL,MEDIUM,0,0,0,0,103,698
2015-16,HARYANA,HISSAR,INSTITUTIONAL,TOTAL,LARGE,0,0,0,0,133,4211
2015-16,HARYANA,HISSAR,INSTITUTIONAL,TOTAL,ALL CLASSES,0,0,0,0,550,5394
2015-16,HARYANA,JHAJJAR,SCHEDULED CASTE,TOTAL,MARGINAL,4,1,3,1,7,2
2015-16,HARYANA,JHAJJAR,SCHEDULED CASTE,TOTAL,SMALL,0,0,0,0,0,0
2015-16,HARYANA,JHAJJAR,SCHEDULED CASTE,TOTAL,SEMIMEDIUM,0,0,0,0,0,0
2015-16,HARYANA,JHAJJAR,SCHEDULED CASTE,TOTAL,MEDIUM,0,0,0,0,0,0
2015-16,HARYANA,JHAJJAR,SCHEDULED CASTE,TOTAL,LARGE,0,0,0,0,0,0
2015-16,HARYANA,JHAJJAR,SCHEDULED CASTE,TOTAL,ALL CLASSES,4,1,3,1,7,2
2015-16,HARYANA,JHAJJAR,SCHEDULED TRIBES,TOTAL,MARGINAL,0,0,0,0,0,0
2015-16,HARYANA,JHAJJAR,SCHEDULED TRIBES,TOTAL,SMALL,0,0,0,0,0,0
2015-16,HARYANA,JHAJJAR,SCHEDULED TRIBES,TOTAL,SEMIMEDIUM,0,0,0,0,0,0
2015-16,HARYANA,JHAJJAR,SCHEDULED TRIBES,TOTAL,MEDIUM,0,0,0,0,0,0
2015-16,HARYANA,JHAJJAR,SCHEDULED TRIBES,TOTAL,LARGE,0,0,0,0,0,0
2015-16,HARYANA,JHAJJAR,SCHEDULED TRIBES,TOTAL,ALL CLASSES,0,0,0,0,0,0
2015-16,HARYANA,JHAJJAR,OTHERS,TOTAL,MARGINAL,14284,7337,28326,13982,42610,21318
2015-16,HARYANA,JHAJJAR,OTHERS,TOTAL,SMALL,3101,4538,10862,15699,13963,20237
2015-16,HARYANA,JHAJJAR,OTHERS,TOTAL,SEMIMEDIUM,2260,6245,8648,24677,10908,30921
2015-16,HARYANA,JHAJJAR,OTHERS,TOTAL,MEDIUM,657,3702,5903,35407,6560,39108
2015-16,HARYANA,JHAJJAR,OTHERS,TOTAL,LARGE,44,842,980,15907,1024,16750
2015-16,HARYANA,JHAJJAR,OTHERS,TOTAL,ALL CLASSES,20346,22662,54719,105672,75065,128335
2015-16,HARYANA,JHAJJAR,INSTITUTIONAL,TOTAL,MARGINAL,0,0,0,0,120,74
2015-16,HARYANA,JHAJJAR,INSTITUTIONAL,TOTAL,SMALL,0,0,0,0,30,50
2015-16,HARYANA,JHAJJAR,INSTITUTIONAL,TOTAL,SEMIMEDIUM,0,0,0,0,60,168
2015-16,HARYANA,JHAJJAR,INSTITUTIONAL,TOTAL,MEDIUM,0,0,0,0,42,266
2015-16,HARYANA,JHAJJAR,INSTITUTIONAL,TOTAL,LARGE,0,0,0,0,51,1068
2015-16,HARYANA,JHAJJAR,INSTITUTIONAL,TOTAL,ALL CLASSES,0,0,0,0,303,1626
2015-16,HARYANA,JIND,SCHEDULED CASTE,TOTAL,MARGINAL,488,241,512,237,1000,479
2015-16,HARYANA,JIND,SCHEDULED CASTE,TOTAL,SMALL,75,104,155,210,230,313
2015-16,HARYANA,JIND,SCHEDULED CASTE,TOTAL,SEMIMEDIUM,24,66,69,175,93,241
2015-16,HARYANA,JIND,SCHEDULED CASTE,TOTAL,MEDIUM,11,57,21,119,32,176
2015-16,HARYANA,JIND,SCHEDULED CASTE,TOTAL,LARGE,0,0,1,10,1,10
2015-16,HARYANA,JIND,SCHEDULED CASTE,TOTAL,ALL CLASSES,598,467,758,751,1356,1219
2015-16,HARYANA,JIND,SCHEDULED TRIBES,TOTAL,MARGINAL,0,0,0,0,0,0
2015-16,HARYANA,JIND,SCHEDULED TRIBES,TOTAL,SMALL,0,0,0,0,0,0
2015-16,HARYANA,JIND,SCHEDULED TRIBES,TOTAL,SEMIMEDIUM,0,0,0,0,0,0
2015-16,HARYANA,JIND,SCHEDULED TRIBES,TOTAL,MEDIUM,0,0,0,0,0,0
2015-16,HARYANA,JIND,SCHEDULED TRIBES,TOTAL,LARGE,0,0,0,0,0,0
2015-16,HARYANA,JIND,SCHEDULED TRIBES,TOTAL,ALL CLASSES,0,0,0,0,0,0
2015-16,HARYANA,JIND,OTHERS,TOTAL,MARGINAL,14913,6919,27438,12113,42351,19031
2015-16,HARYANA,JIND,OTHERS,TOTAL,SMALL,5983,8503,11741,16973,17724,25476
2015-16,HARYANA,JIND,OTHERS,TOTAL,SEMIMEDIUM,4169,11507,11852,33734,16021,45241
2015-16,HARYANA,JIND,OTHERS,TOTAL,MEDIUM,1751,9746,10672,64478,12423,74224
2015-16,HARYANA,JIND,OTHERS,TOTAL,LARGE,150,2511,2887,42802,3037,45313
2015-16,HARYANA,JIND,OTHERS,TOTAL,ALL CLASSES,26966,39185,64590,170100,91556,209285
2015-16,HARYANA,JIND,INSTITUTIONAL,TOTAL,MARGINAL,0,0,0,0,251,139
2015-16,HARYANA,JIND,INSTITUTIONAL,TOTAL,SMALL,0,0,0,0,107,171
2015-16,HARYANA,JIND,INSTITUTIONAL,TOTAL,SEMIMEDIUM,0,0,0,0,101,305
2015-16,HARYANA,JIND,INSTITUTIONAL,TOTAL,MEDIUM,0,0,0,0,230,1665
2015-16,HARYANA,JIND,INSTITUTIONAL,TOTAL,LARGE,0,0,0,0,230,6533
2015-16,HARYANA,JIND,INSTITUTIONAL,TOTAL,ALL CLASSES,0,0,0,0,919,8812
2015-16,HARYANA,KAITHAL,SCHEDULED CASTE,TOTAL,MARGINAL,88,40,97,47,185,87
2015-16,HARYANA,KAITHAL,SCHEDULED CASTE,TOTAL,SMALL,42,60,44,67,86,127
2015-16,HARYANA,KAITHAL,SCHEDULED CASTE,TOTAL,SEMIMEDIUM,27,83,35,91,62,174
2015-16,HARYANA,KAITHAL,SCHEDULED CASTE,TOTAL,MEDIUM,3,19,8,44,11,63
2015-16,HARYANA,KAITHAL,SCHEDULED CASTE,TOTAL,LARGE,0,0,0,0,0,0
2015-16,HARYANA,KAITHAL,SCHEDULED CASTE,TOTAL,ALL CLASSES,160,201,184,250,344,451
2015-16,HARYANA,KAITHAL,SCHEDULED TRIBES,TOTAL,MARGINAL,0,0,0,0,0,0
2015-16,HARYANA,KAITHAL,SCHEDULED TRIBES,TOTAL,SMALL,0,0,0,0,0,0
2015-16,HARYANA,KAITHAL,SCHEDULED TRIBES,TOTAL,SEMIMEDIUM,0,0,0,0,0,0
2015-16,HARYANA,KAITHAL,SCHEDULED TRIBES,TOTAL,MEDIUM,0,0,0,0,0,0
2015-16,HARYANA,KAITHAL,SCHEDULED TRIBES,TOTAL,LARGE,0,0,0,0,0,0
2015-16,HARYANA,KAITHAL,SCHEDULED TRIBES,TOTAL,ALL CLASSES,0,0,0,0,0,0
2015-16,HARYANA,KAITHAL,OTHERS,TOTAL,MARGINAL,12434,5121,23144,10909,35578,16030
2015-16,HARYANA,KAITHAL,OTHERS,TOTAL,SMALL,3256,4716,9804,14441,13060,19156
2015-16,HARYANA,KAITHAL,OTHERS,TOTAL,SEMIMEDIUM,2283,6384,9604,27634,11887,34019
2015-16,HARYANA,KAITHAL,OTHERS,TOTAL,MEDIUM,1032,5707,8476,52120,9508,57827
2015-16,HARYANA,KAITHAL,OTHERS,TOTAL,LARGE,102,1915,2426,42792,2528,44708
2015-16,HARYANA,KAITHAL,OTHERS,TOTAL,ALL CLASSES,19107,23843,53454,147895,72561,171739
2015-16,HARYANA,KAITHAL,INSTITUTIONAL,TOTAL,MARGINAL,0,0,0,0,106,75
2015-16,HARYANA,KAITHAL,INSTITUTIONAL,TOTAL,SMALL,0,0,0,0,95,166
2015-16,HARYANA,KAITHAL,INSTITUTIONAL,TOTAL,SEMIMEDIUM,0,0,0,0,114,326
2015-16,HARYANA,KAITHAL,INSTITUTIONAL,TOTAL,MEDIUM,0,0,0,0,114,774
2015-16,HARYANA,KAITHAL,INSTITUTIONAL,TOTAL,LARGE,0,0,0,0,238,11585
2015-16,HARYANA,KAITHAL,INSTITUTIONAL,TOTAL,ALL CLASSES,0,0,0,0,667,12923
2015-16,HARYANA,KARNAL,SCHEDULED CASTE,TOTAL,MARGINAL,99,47,107,51,206,98
2015-16,HARYANA,KARNAL,SCHEDULED CASTE,TOTAL,SMALL,31,43,73,107,104,150
2015-16,HARYANA,KARNAL,SCHEDULED CASTE,TOTAL,SEMIMEDIUM,24,66,63,169,87,235
2015-16,HARYANA,KARNAL,SCHEDULED CASTE,TOTAL,MEDIUM,4,22,16,90,20,112
2015-16,HARYANA,KARNAL,SCHEDULED CASTE,TOTAL,LARGE,0,0,3,63,3,63
2015-16,HARYANA,KARNAL,SCHEDULED CASTE,TOTAL,ALL CLASSES,158,178,262,480,420,658
2015-16,HARYANA,KARNAL,SCHEDULED TRIBES,TOTAL,MARGINAL,0,0,0,0,0,0
2015-16,HARYANA,KARNAL,SCHEDULED TRIBES,TOTAL,SMALL,0,0,0,0,0,0
2015-16,HARYANA,KARNAL,SCHEDULED TRIBES,TOTAL,SEMIMEDIUM,0,0,0,0,0,0
2015-16,HARYANA,KARNAL,SCHEDULED TRIBES,TOTAL,MEDIUM,0,0,0,0,0,0
2015-16,HARYANA,KARNAL,SCHEDULED TRIBES,TOTAL,LARGE,0,0,0,0,0,0
2015-16,HARYANA,KARNAL,SCHEDULED TRIBES,TOTAL,ALL CLASSES,0,0,0,0,0,0
2015-16,HARYANA,KARNAL,OTHERS,TOTAL,MARGINAL,11114,4844,22816,10679,33930,15523
2015-16,HARYANA,KARNAL,OTHERS,TOTAL,SMALL,4515,6518,11316,16464,15831,22981
2015-16,HARYANA,KARNAL,OTHERS,TOTAL,SEMIMEDIUM,3394,9530,10919,31058,14313,40588
2015-16,HARYANA,KARNAL,OTHERS,TOTAL,MEDIUM,1355,7504,8584,53014,9939,60518
2015-16,HARYANA,KARNAL,OTHERS,TOTAL,LARGE,51,732,2423,40008,2474,40740
2015-16,HARYANA,KARNAL,OTHERS,TOTAL,ALL CLASSES,20429,29127,56058,151224,76487,180351
2015-16,HARYANA,KARNAL,INSTITUTIONAL,TOTAL,MARGINAL,0,0,0,0,463,210
2015-16,HARYANA,KARNAL,INSTITUTIONAL,TOTAL,SMALL,0,0,0,0,188,285
2015-16,HARYANA,KARNAL,INSTITUTIONAL,TOTAL,SEMIMEDIUM,0,0,0,0,199,564
2015-16,HARYANA,KARNAL,INSTITUTIONAL,TOTAL,MEDIUM,0,0,0,0,175,1192
2015-16,HARYANA,KARNAL,INSTITUTIONAL,TOTAL,LARGE,0,0,0,0,333,16257
2015-16,HARYANA,KARNAL,INSTITUTIONAL,TOTAL,ALL CLASSES,0,0,0,0,1358,18508
2015-16,HARYANA,KURUKSHETRA,SCHEDULED CASTE,TOTAL,MARGINAL,514,237,232,109,746,346
2015-16,HARYANA,KURUKSHETRA,SCHEDULED CASTE,TOTAL,SMALL,168,239,111,160,279,399
2015-16,HARYANA,KURUKSHETRA,SCHEDULED CASTE,TOTAL,SEMIMEDIUM,86,228,96,266,182,493
2015-16,HARYANA,KURUKSHETRA,SCHEDULED CASTE,TOTAL,MEDIUM,17,84,58,362,75,445
2015-16,HARYANA,KURUKSHETRA,SCHEDULED CASTE,TOTAL,LARGE,2,41,11,146,13,187
2015-16,HARYANA,KURUKSHETRA,SCHEDULED CASTE,TOTAL,ALL CLASSES,787,828,508,1042,1295,1870
2015-16,HARYANA,KURUKSHETRA,SCHEDULED TRIBES,TOTAL,MARGINAL,0,0,0,0,0,0
2015-16,HARYANA,KURUKSHETRA,SCHEDULED TRIBES,TOTAL,SMALL,0,0,0,0,0,0
2015-16,HARYANA,KURUKSHETRA,SCHEDULED TRIBES,TOTAL,SEMIMEDIUM,0,0,0,0,0,0
2015-16,HARYANA,KURUKSHETRA,SCHEDULED TRIBES,TOTAL,MEDIUM,0,0,0,0,0,0
2015-16,HARYANA,KURUKSHETRA,SCHEDULED TRIBES,TOTAL,LARGE,0,0,0,0,0,0
2015-16,HARYANA,KURUKSHETRA,SCHEDULED TRIBES,TOTAL,ALL CLASSES,0,0,0,0,0,0
2015-16,HARYANA,KURUKSHETRA,OTHERS,TOTAL,MARGINAL,17178,7111,17462,8050,34640,15162
2015-16,HARYANA,KURUKSHETRA,OTHERS,TOTAL,SMALL,5934,8481,7798,11254,13732,19735
2015-16,HARYANA,KURUKSHETRA,OTHERS,TOTAL,SEMIMEDIUM,3781,10473,7324,20885,11105,31359
2015-16,HARYANA,KURUKSHETRA,OTHERS,TOTAL,MEDIUM,1438,7967,6045,37077,7483,45043
2015-16,HARYANA,KURUKSHETRA,OTHERS,TOTAL,LARGE,40,557,1865,29755,1905,30312
2015-16,HARYANA,KURUKSHETRA,OTHERS,TOTAL,ALL CLASSES,28371,34588,40494,107022,68865,141610
2015-16,HARYANA,KURUKSHETRA,INSTITUTIONAL,TOTAL,MARGINAL,0,0,0,0,296,185
2015-16,HARYANA,KURUKSHETRA,INSTITUTIONAL,TOTAL,SMALL,0,0,0,0,165,284
2015-16,HARYANA,KURUKSHETRA,INSTITUTIONAL,TOTAL,SEMIMEDIUM,0,0,0,0,187,538
2015-16,HARYANA,KURUKSHETRA,INSTITUTIONAL,TOTAL,MEDIUM,0,0,0,0,173,1091
2015-16,HARYANA,KURUKSHETRA,INSTITUTIONAL,TOTAL,LARGE,0,0,0,0,225,7782
2015-16,HARYANA,KURUKSHETRA,INSTITUTIONAL,TOTAL,ALL CLASSES,0,0,0,0,1046,9880
2015-16,HARYANA,MAHINDERGARH,SCHEDULED CASTE,TOTAL,MARGINAL,58,29,39,19,97,48
2015-16,HARYANA,MAHINDERGARH,SCHEDULED CASTE,TOTAL,SMALL,17,26,19,28,36,54
2015-16,HARYANA,MAHINDERGARH,SCHEDULED CASTE,TOTAL,SEMIMEDIUM,13,34,25,72,38,106
2015-16,HARYANA,MAHINDERGARH,SCHEDULED CASTE,TOTAL,MEDIUM,3,18,10,51,13,69
2015-16,HARYANA,MAHINDERGARH,SCHEDULED CASTE,TOTAL,LARGE,0,0,4,54,4,54
2015-16,HARYANA,MAHINDERGARH,SCHEDULED CASTE,TOTAL,ALL CLASSES,91,107,97,224,188,331
2015-16,HARYANA,MAHINDERGARH,SCHEDULED TRIBES,TOTAL,MARGINAL,0,0,0,0,0,0
2015-16,HARYANA,MAHINDERGARH,SCHEDULED TRIBES,TOTAL,SMALL,0,0,0,0,0,0
2015-16,HARYANA,MAHINDERGARH,SCHEDULED TRIBES,TOTAL,SEMIMEDIUM,0,0,0,0,0,0
2015-16,HARYANA,MAHINDERGARH,SCHEDULED TRIBES,TOTAL,MEDIUM,0,0,0,0,0,0
2015-16,HARYANA,MAHINDERGARH,SCHEDULED TRIBES,TOTAL,LARGE,0,0,0,0,0,0
2015-16,HARYANA,MAHINDERGARH,SCHEDULED TRIBES,TOTAL,ALL CLASSES,0,0,0,0,0,0
2015-16,HARYANA,MAHINDERGARH,OTHERS,TOTAL,MARGINAL,14712,7067,25548,13707,40260,20774
2015-16,HARYANA,MAHINDERGARH,OTHERS,TOTAL,SMALL,2638,3519,11894,17311,14532,20831
2015-16,HARYANA,MAHINDERGARH,OTHERS,TOTAL,SEMIMEDIUM,1527,4183,10519,29912,12046,34095
2015-16,HARYANA,MAHINDERGARH,OTHERS,TOTAL,MEDIUM,457,2544,7196,42880,7653,45425
2015-16,HARYANA,MAHINDERGARH,OTHERS,TOTAL,LARGE,34,487,1432,22521,1466,23008
2015-16,HARYANA,MAHINDERGARH,OTHERS,TOTAL,ALL CLASSES,19368,17801,56589,126332,75957,144133
2015-16,HARYANA,MAHINDERGARH,INSTITUTIONAL,TOTAL,MARGINAL,0,0,0,0,278,207
2015-16,HARYANA,MAHINDERGARH,INSTITUTIONAL,TOTAL,SMALL,0,0,0,0,143,249
2015-16,HARYANA,MAHINDERGARH,INSTITUTIONAL,TOTAL,SEMIMEDIUM,0,0,0,0,137,390
2015-16,HARYANA,MAHINDERGARH,INSTITUTIONAL,TOTAL,MEDIUM,0,0,0,0,189,1229
2015-16,HARYANA,MAHINDERGARH,INSTITUTIONAL,TOTAL,LARGE,0,0,0,0,166,3671
2015-16,HARYANA,MAHINDERGARH,INSTITUTIONAL,TOTAL,ALL CLASSES,0,0,0,0,913,5747
2015-16,HARYANA,MEWAT,SCHEDULED CASTE,TOTAL,MARGINAL,28,12,60,24,88,36
2015-16,HARYANA,MEWAT,SCHEDULED CASTE,TOTAL,SMALL,3,4,16,21,19,25
2015-16,HARYANA,MEWAT,SCHEDULED CASTE,TOTAL,SEMIMEDIUM,3,7,13,33,16,40
2015-16,HARYANA,MEWAT,SCHEDULED CASTE,TOTAL,MEDIUM,0,0,4,22,4,22
2015-16,HARYANA,MEWAT,SCHEDULED CASTE,TOTAL,LARGE,0,0,1,10,1,10
2015-16,HARYANA,MEWAT,SCHEDULED CASTE,TOTAL,ALL CLASSES,34,23,94,111,128,134
2015-16,HARYANA,MEWAT,SCHEDULED TRIBES,TOTAL,MARGINAL,0,0,0,0,0,0
2015-16,HARYANA,MEWAT,SCHEDULED TRIBES,TOTAL,SMALL,0,0,0,0,0,0
2015-16,HARYANA,MEWAT,SCHEDULED TRIBES,TOTAL,SEMIMEDIUM,0,0,0,0,0,0
2015-16,HARYANA,MEWAT,SCHEDULED TRIBES,TOTAL,MEDIUM,0,0,0,0,0,0
2015-16,HARYANA,MEWAT,SCHEDULED TRIBES,TOTAL,LARGE,0,0,0,0,0,0
2015-16,HARYANA,MEWAT,SCHEDULED TRIBES,TOTAL,ALL CLASSES,0,0,0,0,0,0
2015-16,HARYANA,MEWAT,OTHERS,TOTAL,MARGINAL,14920,6350,24317,11951,39237,18302
2015-16,HARYANA,MEWAT,OTHERS,TOTAL,SMALL,3405,4833,9245,13211,12650,18044
2015-16,HARYANA,MEWAT,OTHERS,TOTAL,SEMIMEDIUM,2422,7127,6811,19721,9233,26849
2015-16,HARYANA,MEWAT,OTHERS,TOTAL,MEDIUM,1311,7365,4212,25558,5523,32922
2015-16,HARYANA,MEWAT,OTHERS,TOTAL,LARGE,104,2023,720,10903,824,12926
2015-16,HARYANA,MEWAT,OTHERS,TOTAL,ALL CLASSES,22162,27698,45305,81343,67467,109042
2015-16,HARYANA,MEWAT,INSTITUTIONAL,TOTAL,MARGINAL,0,0,0,0,267,198
2015-16,HARYANA,MEWAT,INSTITUTIONAL,TOTAL,SMALL,0,0,0,0,135,219
2015-16,HARYANA,MEWAT,INSTITUTIONAL,TOTAL,SEMIMEDIUM,0,0,0,0,95,273
2015-16,HARYANA,MEWAT,INSTITUTIONAL,TOTAL,MEDIUM,0,0,0,0,119,667
2015-16,HARYANA,MEWAT,INSTITUTIONAL,TOTAL,LARGE,0,0,0,0,100,2486
2015-16,HARYANA,MEWAT,INSTITUTIONAL,TOTAL,ALL CLASSES,0,0,0,0,716,3843
2015-16,HARYANA,PALWAL,SCHEDULED CASTE,TOTAL,MARGINAL,467,192,847,395,1314,588
2015-16,HARYANA,PALWAL,SCHEDULED CASTE,TOTAL,SMALL,64,89,235,341,299,430
2015-16,HARYANA,PALWAL,SCHEDULED CASTE,TOTAL,SEMIMEDIUM,32,83,175,482,207,566
2015-16,HARYANA,PALWAL,SCHEDULED CASTE,TOTAL,MEDIUM,0,0,26,126,26,126
2015-16,HARYANA,PALWAL,SCHEDULED CASTE,TOTAL,LARGE,0,0,0,0,0,0
2015-16,HARYANA,PALWAL,SCHEDULED CASTE,TOTAL,ALL CLASSES,563,365,1283,1345,1846,1709
2015-16,HARYANA,PALWAL,SCHEDULED TRIBES,TOTAL,MARGINAL,0,0,0,0,0,0
2015-16,HARYANA,PALWAL,SCHEDULED TRIBES,TOTAL,SMALL,0,0,0,0,0,0
2015-16,HARYANA,PALWAL,SCHEDULED TRIBES,TOTAL,SEMIMEDIUM,0,0,0,0,0,0
2015-16,HARYANA,PALWAL,SCHEDULED TRIBES,TOTAL,MEDIUM,0,0,0,0,0,0
2015-16,HARYANA,PALWAL,SCHEDULED TRIBES,TOTAL,LARGE,0,0,0,0,0,0
2015-16,HARYANA,PALWAL,SCHEDULED TRIBES,TOTAL,ALL CLASSES,0,0,0,0,0,0
2015-16,HARYANA,PALWAL,OTHERS,TOTAL,MARGINAL,14397,5832,33818,14356,48215,20188
2015-16,HARYANA,PALWAL,OTHERS,TOTAL,SMALL,3675,5322,9867,13982,13542,19304
2015-16,HARYANA,PALWAL,OTHERS,TOTAL,SEMIMEDIUM,2194,6011,7706,21717,9900,27730
2015-16,HARYANA,PALWAL,OTHERS,TOTAL,MEDIUM,714,3882,4297,24968,5011,28850
2015-16,HARYANA,PALWAL,OTHERS,TOTAL,LARGE,14,174,498,6974,512,7148
2015-16,HARYANA,PALWAL,OTHERS,TOTAL,ALL CLASSES,20994,21222,56186,81998,77180,103220
2015-16,HARYANA,PALWAL,INSTITUTIONAL,TOTAL,MARGINAL,0,0,0,0,472,242
2015-16,HARYANA,PALWAL,INSTITUTIONAL,TOTAL,SMALL,0,0,0,0,117,186
2015-16,HARYANA,PALWAL,INSTITUTIONAL,TOTAL,SEMIMEDIUM,0,0,0,0,153,411
2015-16,HARYANA,PALWAL,INSTITUTIONAL,TOTAL,MEDIUM,0,0,0,0,160,1026
2015-16,HARYANA,PALWAL,INSTITUTIONAL,TOTAL,LARGE,0,0,0,0,225,7226
2015-16,HARYANA,PALWAL,INSTITUTIONAL,TOTAL,ALL CLASSES,0,0,0,0,1127,9090
2015-16,HARYANA,PANCHKULA,SCHEDULED CASTE,TOTAL,MARGINAL,1,0,21,8,22,8
2015-16,HARYANA,PANCHKULA,SCHEDULED CASTE,TOTAL,SMALL,0,0,4,5,4,5
2015-16,HARYANA,PANCHKULA,SCHEDULED CASTE,TOTAL,SEMIMEDIUM,0,0,5,11,5,11
2015-16,HARYANA,PANCHKULA,SCHEDULED CASTE,TOTAL,MEDIUM,0,0,0,0,0,0
2015-16,HARYANA,PANCHKULA,SCHEDULED CASTE,TOTAL,LARGE,0,0,1,10,1,10
2015-16,HARYANA,PANCHKULA,SCHEDULED CASTE,TOTAL,ALL CLASSES,1,0,31,34,32,34
2015-16,HARYANA,PANCHKULA,SCHEDULED TRIBES,TOTAL,MARGINAL,0,0,0,0,0,0
2015-16,HARYANA,PANCHKULA,SCHEDULED TRIBES,TOTAL,SMALL,0,0,0,0,0,0
2015-16,HARYANA,PANCHKULA,SCHEDULED TRIBES,TOTAL,SEMIMEDIUM,0,0,0,0,0,0
2015-16,HARYANA,PANCHKULA,SCHEDULED TRIBES,TOTAL,MEDIUM,0,0,0,0,0,0
2015-16,HARYANA,PANCHKULA,SCHEDULED TRIBES,TOTAL,LARGE,0,0,0,0,0,0
2015-16,HARYANA,PANCHKULA,SCHEDULED TRIBES,TOTAL,ALL CLASSES,0,0,0,0,0,0
2015-16,HARYANA,PANCHKULA,OTHERS,TOTAL,MARGINAL,2839,1280,7289,3416,10128,4697
2015-16,HARYANA,PANCHKULA,OTHERS,TOTAL,SMALL,494,720,2533,3644,3027,4363
2015-16,HARYANA,PANCHKULA,OTHERS,TOTAL,SEMIMEDIUM,271,743,1748,4857,2019,5601
2015-16,HARYANA,PANCHKULA,OTHERS,TOTAL,MEDIUM,107,574,922,5365,1029,5941
2015-16,HARYANA,PANCHKULA,OTHERS,TOTAL,LARGE,12,528,192,3297,204,3826
2015-16,HARYANA,PANCHKULA,OTHERS,TOTAL,ALL CLASSES,3723,3846,12684,20581,16407,24426
2015-16,HARYANA,PANCHKULA,INSTITUTIONAL,TOTAL,MARGINAL,0,0,0,0,125,84
2015-16,HARYANA,PANCHKULA,INSTITUTIONAL,TOTAL,SMALL,0,0,0,0,59,81
2015-16,HARYANA,PANCHKULA,INSTITUTIONAL,TOTAL,SEMIMEDIUM,0,0,0,0,54,151
2015-16,HARYANA,PANCHKULA,INSTITUTIONAL,TOTAL,MEDIUM,0,0,0,0,55,356
2015-16,HARYANA,PANCHKULA,INSTITUTIONAL,TOTAL,LARGE,0,0,0,0,41,1252
2015-16,HARYANA,PANCHKULA,INSTITUTIONAL,TOTAL,ALL CLASSES,0,0,0,0,334,1925
2015-16,HARYANA,PANIPAT,SCHEDULED CASTE,TOTAL,MARGINAL,0,0,0,0,0,0
2015-16,HARYANA,PANIPAT,SCHEDULED CASTE,TOTAL,SMALL,0,0,0,0,0,0
2015-16,HARYANA,PANIPAT,SCHEDULED CASTE,TOTAL,SEMIMEDIUM,0,0,0,0,0,0
2015-16,HARYANA,PANIPAT,SCHEDULED CASTE,TOTAL,MEDIUM,0,0,0,0,0,0
2015-16,HARYANA,PANIPAT,SCHEDULED CASTE,TOTAL,LARGE,0,0,0,0,0,0
2015-16,HARYANA,PANIPAT,SCHEDULED CASTE,TOTAL,ALL CLASSES,0,0,0,0,0,0
2015-16,HARYANA,PANIPAT,SCHEDULED TRIBES,TOTAL,MARGINAL,0,0,0,0,0,0
2015-16,HARYANA,PANIPAT,SCHEDULED TRIBES,TOTAL,SMALL,0,0,0,0,0,0
2015-16,HARYANA,PANIPAT,SCHEDULED TRIBES,TOTAL,SEMIMEDIUM,0,0,0,0,0,0
2015-16,HARYANA,PANIPAT,SCHEDULED TRIBES,TOTAL,MEDIUM,0,0,0,0,0,0
2015-16,HARYANA,PANIPAT,SCHEDULED TRIBES,TOTAL,LARGE,0,0,0,0,0,0
2015-16,HARYANA,PANIPAT,SCHEDULED TRIBES,TOTAL,ALL CLASSES,0,0,0,0,0,0
2015-16,HARYANA,PANIPAT,OTHERS,TOTAL,MARGINAL,12211,5704,25176,12308,37387,18012
2015-16,HARYANA,PANIPAT,OTHERS,TOTAL,SMALL,3076,4425,7742,11100,10818,15525
2015-16,HARYANA,PANIPAT,OTHERS,TOTAL,SEMIMEDIUM,2035,5987,6032,17144,8067,23130
2015-16,HARYANA,PANIPAT,OTHERS,TOTAL,MEDIUM,842,4634,3564,21551,4406,26184
2015-16,HARYANA,PANIPAT,OTHERS,TOTAL,LARGE,25,364,649,10488,674,10852
2015-16,HARYANA,PANIPAT,OTHERS,TOTAL,ALL CLASSES,18189,21112,43163,72591,61352,93703
2015-16,HARYANA,PANIPAT,INSTITUTIONAL,TOTAL,MARGINAL,0,0,0,0,458,306
2015-16,HARYANA,PANIPAT,INSTITUTIONAL,TOTAL,SMALL,0,0,0,0,164,290
2015-16,HARYANA,PANIPAT,INSTITUTIONAL,TOTAL,SEMIMEDIUM,0,0,0,0,158,474
2015-16,HARYANA,PANIPAT,INSTITUTIONAL,TOTAL,MEDIUM,0,0,0,0,166,1047
2015-16,HARYANA,PANIPAT,INSTITUTIONAL,TOTAL,LARGE,0,0,0,0,171,10570
2015-16,HARYANA,PANIPAT,INSTITUTIONAL,TOTAL,ALL CLASSES,0,0,0,0,1117,12688
2015-16,HARYANA,REWARI,SCHEDULED CASTE,TOTAL,MARGINAL,15,6,61,32,76,38
2015-16,HARYANA,REWARI,SCHEDULED CASTE,TOTAL,SMALL,2,3,24,33,26,36
2015-16,HARYANA,REWARI,SCHEDULED CASTE,TOTAL,SEMIMEDIUM,2,6,26,70,28,75
2015-16,HARYANA,REWARI,SCHEDULED CASTE,TOTAL,MEDIUM,0,0,10,64,10,64
2015-16,HARYANA,REWARI,SCHEDULED CASTE,TOTAL,LARGE,0,0,0,0,0,0
2015-16,HARYANA,REWARI,SCHEDULED CASTE,TOTAL,ALL CLASSES,19,15,121,198,140,214
2015-16,HARYANA,REWARI,SCHEDULED TRIBES,TOTAL,MARGINAL,0,0,0,0,0,0
2015-16,HARYANA,REWARI,SCHEDULED TRIBES,TOTAL,SMALL,0,0,0,0,0,0
2015-16,HARYANA,REWARI,SCHEDULED TRIBES,TOTAL,SEMIMEDIUM,0,0,0,0,0,0
2015-16,HARYANA,REWARI,SCHEDULED TRIBES,TOTAL,MEDIUM,0,0,0,0,0,0
2015-16,HARYANA,REWARI,SCHEDULED TRIBES,TOTAL,LARGE,0,0,0,0,0,0
2015-16,HARYANA,REWARI,SCHEDULED TRIBES,TOTAL,ALL CLASSES,0,0,0,0,0,0
2015-16,HARYANA,REWARI,OTHERS,TOTAL,MARGINAL,10866,4945,22752,12365,33618,17311
2015-16,HARYANA,REWARI,OTHERS,TOTAL,SMALL,3336,4752,11013,16053,14349,20804
2015-16,HARYANA,REWARI,OTHERS,TOTAL,SEMIMEDIUM,1955,5389,8849,25034,10804,30421
2015-16,HARYANA,REWARI,OTHERS,TOTAL,MEDIUM,589,3288,5142,30352,5731,33640
2015-16,HARYANA,REWARI,OTHERS,TOTAL,LARGE,53,1116,811,11879,864,12995
2015-16,HARYANA,REWARI,OTHERS,TOTAL,ALL CLASSES,16799,19490,48567,95682,65366,115173
2015-16,HARYANA,REWARI,INSTITUTIONAL,TOTAL,MARGINAL,0,0,0,0,135,78
2015-16,HARYANA,REWARI,INSTITUTIONAL,TOTAL,SMALL,0,0,0,0,69,116
2015-16,HARYANA,REWARI,INSTITUTIONAL,TOTAL,SEMIMEDIUM,0,0,0,0,48,135
2015-16,HARYANA,REWARI,INSTITUTIONAL,TOTAL,MEDIUM,0,0,0,0,117,753
2015-16,HARYANA,REWARI,INSTITUTIONAL,TOTAL,LARGE,0,0,0,0,72,2062
2015-16,HARYANA,REWARI,INSTITUTIONAL,TOTAL,ALL CLASSES,0,0,0,0,441,3144
2015-16,HARYANA,ROHTAK,SCHEDULED CASTE,TOTAL,MARGINAL,89,23,125,36,214,59
2015-16,HARYANA,ROHTAK,SCHEDULED CASTE,TOTAL,SMALL,10,13,37,56,47,68
2015-16,HARYANA,ROHTAK,SCHEDULED CASTE,TOTAL,SEMIMEDIUM,3,8,9,23,12,30
2015-16,HARYANA,ROHTAK,SCHEDULED CASTE,TOTAL,MEDIUM,0,0,2,12,2,12
2015-16,HARYANA,ROHTAK,SCHEDULED CASTE,TOTAL,LARGE,0,0,0,0,0,0
2015-16,HARYANA,ROHTAK,SCHEDULED CASTE,TOTAL,ALL CLASSES,102,43,173,127,275,170
2015-16,HARYANA,ROHTAK,SCHEDULED TRIBES,TOTAL,MARGINAL,0,0,0,0,0,0
2015-16,HARYANA,ROHTAK,SCHEDULED TRIBES,TOTAL,SMALL,0,0,0,0,0,0
2015-16,HARYANA,ROHTAK,SCHEDULED TRIBES,TOTAL,SEMIMEDIUM,0,0,0,0,0,0
2015-16,HARYANA,ROHTAK,SCHEDULED TRIBES,TOTAL,MEDIUM,0,0,0,0,0,0
2015-16,HARYANA,ROHTAK,SCHEDULED TRIBES,TOTAL,LARGE,0,0,0,0,0,0
2015-16,HARYANA,ROHTAK,SCHEDULED TRIBES,TOTAL,ALL CLASSES,0,0,0,0,0,0
2015-16,HARYANA,ROHTAK,OTHERS,TOTAL,MARGINAL,10781,4936,23546,10730,34327,15665
2015-16,HARYANA,ROHTAK,OTHERS,TOTAL,SMALL,3544,5205,8897,12763,12441,17969
2015-16,HARYANA,ROHTAK,OTHERS,TOTAL,SEMIMEDIUM,2764,7755,7917,22503,10681,30258
2015-16,HARYANA,ROHTAK,OTHERS,TOTAL,MEDIUM,1060,5868,5437,32969,6497,38837
2015-16,HARYANA,ROHTAK,OTHERS,TOTAL,LARGE,69,1130,1104,17241,1173,18370
2015-16,HARYANA,ROHTAK,OTHERS,TOTAL,ALL CLASSES,18218,24894,46901,96205,65119,121099
2015-16,HARYANA,ROHTAK,INSTITUTIONAL,TOTAL,MARGINAL,0,0,0,0,242,92
2015-16,HARYANA,ROHTAK,INSTITUTIONAL,TOTAL,SMALL,0,0,0,0,92,127
2015-16,HARYANA,ROHTAK,INSTITUTIONAL,TOTAL,SEMIMEDIUM,0,0,0,0,42,102
2015-16,HARYANA,ROHTAK,INSTITUTIONAL,TOTAL,MEDIUM,0,0,0,0,56,398
2015-16,HARYANA,ROHTAK,INSTITUTIONAL,TOTAL,LARGE,0,0,0,0,74,1760
2015-16,HARYANA,ROHTAK,INSTITUTIONAL,TOTAL,ALL CLASSES,0,0,0,0,506,2479
2015-16,HARYANA,SIRSA,SCHEDULED CASTE,TOTAL,MARGINAL,1405,701,1116,540,2521,1241
2015-16,HARYANA,SIRSA,SCHEDULED CASTE,TOTAL,SMALL,338,537,432,643,770,1180
2015-16,HARYANA,SIRSA,SCHEDULED CASTE,TOTAL,SEMIMEDIUM,299,945,366,1118,665,2064
2015-16,HARYANA,SIRSA,SCHEDULED CASTE,TOTAL,MEDIUM,144,775,280,1707,424,2482
2015-16,HARYANA,SIRSA,SCHEDULED CASTE,TOTAL,LARGE,2,23,18,217,20,240
2015-16,HARYANA,SIRSA,SCHEDULED CASTE,TOTAL,ALL CLASSES,2188,2980,2212,4226,4400,7206
2015-16,HARYANA,SIRSA,SCHEDULED TRIBES,TOTAL,MARGINAL,0,0,0,0,0,0
2015-16,HARYANA,SIRSA,SCHEDULED TRIBES,TOTAL,SMALL,0,0,0,0,0,0
2015-16,HARYANA,SIRSA,SCHEDULED TRIBES,TOTAL,SEMIMEDIUM,0,0,0,0,0,0
2015-16,HARYANA,SIRSA,SCHEDULED TRIBES,TOTAL,MEDIUM,0,0,0,0,0,0
2015-16,HARYANA,SIRSA,SCHEDULED TRIBES,TOTAL,LARGE,0,0,0,0,0,0
2015-16,HARYANA,SIRSA,SCHEDULED TRIBES,TOTAL,ALL CLASSES,0,0,0,0,0,0
2015-16,HARYANA,SIRSA,OTHERS,TOTAL,MARGINAL,41874,22016,34833,18198,76707,40214
2015-16,HARYANA,SIRSA,OTHERS,TOTAL,SMALL,11753,17661,16301,24552,28054,42214
2015-16,HARYANA,SIRSA,OTHERS,TOTAL,SEMIMEDIUM,16262,49747,18313,57894,34575,107641
2015-16,HARYANA,SIRSA,OTHERS,TOTAL,MEDIUM,13502,83012,17304,114243,30806,197253
2015-16,HARYANA,SIRSA,OTHERS,TOTAL,LARGE,995,21756,4102,103228,5097,124985
2015-16,HARYANA,SIRSA,OTHERS,TOTAL,ALL CLASSES,84386,194192,90853,318114,175239,512306
2015-16,HARYANA,SIRSA,INSTITUTIONAL,TOTAL,MARGINAL,0,0,0,0,303,193
2015-16,HARYANA,SIRSA,INSTITUTIONAL,TOTAL,SMALL,0,0,0,0,161,274
2015-16,HARYANA,SIRSA,INSTITUTIONAL,TOTAL,SEMIMEDIUM,0,0,0,0,123,353
2015-16,HARYANA,SIRSA,INSTITUTIONAL,TOTAL,MEDIUM,0,0,0,0,201,1431
2015-16,HARYANA,SIRSA,INSTITUTIONAL,TOTAL,LARGE,0,0,0,0,315,14185
2015-16,HARYANA,SIRSA,INSTITUTIONAL,TOTAL,ALL CLASSES,0,0,0,0,1103,16436
2015-16,HARYANA,SONIPAT,SCHEDULED CASTE,TOTAL,MARGINAL,5,3,3,2,8,4
2015-16,HARYANA,SONIPAT,SCHEDULED CASTE,TOTAL,SMALL,13,17,12,16,25,34
2015-16,HARYANA,SONIPAT,SCHEDULED CASTE,TOTAL,SEMIMEDIUM,1,2,0,0,1,2
2015-16,HARYANA,SONIPAT,SCHEDULED CASTE,TOTAL,MEDIUM,0,0,0,0,0,0
2015-16,HARYANA,SONIPAT,SCHEDULED CASTE,TOTAL,LARGE,0,0,0,0,0,0
2015-16,HARYANA,SONIPAT,SCHEDULED CASTE,TOTAL,ALL CLASSES,19,22,15,18,34,41
2015-16,HARYANA,SONIPAT,SCHEDULED TRIBES,TOTAL,MARGINAL,0,0,0,0,0,0
2015-16,HARYANA,SONIPAT,SCHEDULED TRIBES,TOTAL,SMALL,0,0,0,0,0,0
2015-16,HARYANA,SONIPAT,SCHEDULED TRIBES,TOTAL,SEMIMEDIUM,0,0,0,0,0,0
2015-16,HARYANA,SONIPAT,SCHEDULED TRIBES,TOTAL,MEDIUM,0,0,0,0,0,0
2015-16,HARYANA,SONIPAT,SCHEDULED TRIBES,TOTAL,LARGE,0,0,0,0,0,0
2015-16,HARYANA,SONIPAT,SCHEDULED TRIBES,TOTAL,ALL CLASSES,0,0,0,0,0,0
2015-16,HARYANA,SONIPAT,OTHERS,TOTAL,MARGINAL,13586,6692,30374,14814,43960,21506
2015-16,HARYANA,SONIPAT,OTHERS,TOTAL,SMALL,5423,7797,14563,21010,19986,28808
2015-16,HARYANA,SONIPAT,OTHERS,TOTAL,SEMIMEDIUM,4798,13966,12816,37393,17614,51358
2015-16,HARYANA,SONIPAT,OTHERS,TOTAL,MEDIUM,2059,12029,8246,49694,10305,61722
2015-16,HARYANA,SONIPAT,OTHERS,TOTAL,LARGE,33,639,1174,22572,1207,23211
2015-16,HARYANA,SONIPAT,OTHERS,TOTAL,ALL CLASSES,25899,41123,67173,145482,93072,186605
2015-16,HARYANA,SONIPAT,INSTITUTIONAL,TOTAL,MARGINAL,0,0,0,0,77,42
2015-16,HARYANA,SONIPAT,INSTITUTIONAL,TOTAL,SMALL,0,0,0,0,86,153
2015-16,HARYANA,SONIPAT,INSTITUTIONAL,TOTAL,SEMIMEDIUM,0,0,0,0,127,357
2015-16,HARYANA,SONIPAT,INSTITUTIONAL,TOTAL,MEDIUM,0,0,0,0,120,740
2015-16,HARYANA,SONIPAT,INSTITUTIONAL,TOTAL,LARGE,0,0,0,0,206,8263
2015-16,HARYANA,SONIPAT,INSTITUTIONAL,TOTAL,ALL CLASSES,0,0,0,0,616,9555
2015-16,HARYANA,YAMUNANAGAR,SCHEDULED CASTE,TOTAL,MARGINAL,516,216,682,306,1198,521
2015-16,HARYANA,YAMUNANAGAR,SCHEDULED CASTE,TOTAL,SMALL,142,198,264,388,406,586
2015-16,HARYANA,YAMUNANAGAR,SCHEDULED CASTE,TOTAL,SEMIMEDIUM,53,146,144,391,197,536
2015-16,HARYANA,YAMUNANAGAR,SCHEDULED CASTE,TOTAL,MEDIUM,22,118,54,304,76,421
2015-16,HARYANA,YAMUNANAGAR,SCHEDULED CASTE,TOTAL,LARGE,3,43,17,292,20,336
2015-16,HARYANA,YAMUNANAGAR,SCHEDULED CASTE,TOTAL,ALL CLASSES,736,722,1161,1679,1897,2401
2015-16,HARYANA,YAMUNANAGAR,SCHEDULED TRIBES,TOTAL,MARGINAL,0,0,0,0,0,0
2015-16,HARYANA,YAMUNANAGAR,SCHEDULED TRIBES,TOTAL,SMALL,0,0,0,0,0,0
2015-16,HARYANA,YAMUNANAGAR,SCHEDULED TRIBES,TOTAL,SEMIMEDIUM,0,0,0,0,0,0
2015-16,HARYANA,YAMUNANAGAR,SCHEDULED TRIBES,TOTAL,MEDIUM,0,0,0,0,0,0
2015-16,HARYANA,YAMUNANAGAR,SCHEDULED TRIBES,TOTAL,LARGE,0,0,0,0,0,0
2015-16,HARYANA,YAMUNANAGAR,SCHEDULED TRIBES,TOTAL,ALL CLASSES,0,0,0,0,0,0
2015-16,HARYANA,YAMUNANAGAR,OTHERS,TOTAL,MARGINAL,12727,5586,19699,9447,32426,15033
2015-16,HARYANA,YAMUNANAGAR,OTHERS,TOTAL,SMALL,4102,5990,9005,13331,13107,19321
2015-16,HARYANA,YAMUNANAGAR,OTHERS,TOTAL,SEMIMEDIUM,2696,7462,7641,21801,10337,29264
2015-16,HARYANA,YAMUNANAGAR,OTHERS,TOTAL,MEDIUM,987,5432,5524,33350,6511,38782
2015-16,HARYANA,YAMUNANAGAR,OTHERS,TOTAL,LARGE,39,668,1096,17084,1135,17753
2015-16,HARYANA,YAMUNANAGAR,OTHERS,TOTAL,ALL CLASSES,20551,25138,42965,95014,63516,120152
2015-16,HARYANA,YAMUNANAGAR,INSTITUTIONAL,TOTAL,MARGINAL,0,0,0,0,327,180
2015-16,HARYANA,YAMUNANAGAR,INSTITUTIONAL,TOTAL,SMALL,0,0,0,0,160,275
2015-16,HARYANA,YAMUNANAGAR,INSTITUTIONAL,TOTAL,SEMIMEDIUM,0,0,0,0,144,418
2015-16,HARYANA,YAMUNANAGAR,INSTITUTIONAL,TOTAL,MEDIUM,0,0,0,0,120,728
2015-16,HARYANA,YAMUNANAGAR,INSTITUTIONAL,TOTAL,LARGE,0,0,0,0,125,3227
2015-16,HARYANA,YAMUNANAGAR,INSTITUTIONAL,TOTAL,ALL CLASSES,0,0,0,0,876,4827
